tag,id
1girl,0
solo,1
long hair,2
short hair,3
blush,4
breasts,5
multiple girls,6
smile,7
blonde hair,8
blue eyes,9
brown hair,10
open mouth,11
hat,12
thighhighs,13
red eyes,14
skirt,15
2girls,16
black hair,17
ribbon,18
twintails,19
underwear,20
school uniform,21
brown eyes,22
blue hair,23
1boy,24
monochrome,25
panties,26
dress,27
green eyes,28
gloves,29
bow,30
hair ornament,31
animal ears,32
looking at viewer,33
nipples,34
comic,35
sitting,36
weapon,37
navel,38
large breasts,39
purple eyes,40
cleavage,41
pink hair,42
purple hair,43
closed eyes,44
jewelry,45
wings,46
hair ribbon,47
ponytail,48
green hair,49
simple background,50
hair bow,51
red hair,52
tail,53
yellow eyes,54
very long hair,55
nude,56
glasses,57
swimsuit,58
ass,59
flower,60
bare shoulders,61
silver hair,62
hairband,63
braid,64
pantyhose,65
boots,66
censored,67
detached sleeves,68
black legwear,69
one eye closed,70
tears,71
barefoot,72
multiple boys,73
white background,74
pussy,75
ahoge,76
necktie,77
lying,78
sword,79
shirt,80
japanese clothes,81
heart,82
male,83
bikini,84
penis,85
midriff,86
serafuku,87
cum,88
cat ears,89
food,90
striped,91
white hair,92
sweat,93
3girls,94
shoes,95
chibi,96
elbow gloves,97
looking back,98
flat chest,99
fang,100
open clothes,101
sky,102
earrings,103
yuri,104
white legwear,105
:d,106
sex,107
pointy ears,108
tongue,109
2boys,110
socks,111
pink eyes,112
solo focus,113
twin braids,114
hairclip,115
spread legs,116
choker,117
zettai ryouiki,118
shorts,119
scarf,120
feet,121
legs,122
aqua eyes,123
alternate costume,124
long sleeves,125
frills,126
belt,127
side ponytail,128
black eyes,129
huge breasts,130
cape,131
hetero,132
bunny ears,133
fingerless gloves,134
sketch,135
water,136
standing,137
maid,138
cloud,139
open shirt,140
orange hair,141
aqua hair,142
horns,143
star,144
white panties,145
hug,146
magical girl,147
book,148
bra,149
4koma,150
armor,151
jacket,152
scan,153
gun,154
kimono,155
parody,156
pleated skirt,157
lingerie,158
bangs,159
bag,160
armpits,161
necklace,162
apron,163
uniform,164
holding,165
covered nipples,166
blood,167
no panties,168
grin,169
multicolored hair,170
cat tail,171
on back,172
bed,173
game cg,174
one-piece swimsuit,175
kneeling,176
hair flower,177
siblings,178
character name,179
4girls,180
no bra,181
collarbone,182
witch hat,183
fruit,184
bracelet,185
headphones,186
bottomless,187
cosplay,188
pantyshot,189
ascot,190
lips,191
sweatdrop,192
bust,193
dark skin,194
from behind,195
vaginal,196
bat wings,197
plaid,198
tree,199
tongue out,200
6+girls,201
:o,202
pussy juice,203
traditional media,204
short sleeves,205
grey hair,206
maid headdress,207
kneehighs,208
pubic hair,209
torn clothes,210
saliva,211
puffy sleeves,212
wrist cuffs,213
high heels,214
umbrella,215
topless,216
vest,217
drill hair,218
striped panties,219
striped legwear,220
petals,221
face,222
thighs,223
holding hands,224
school swimsuit,225
collar,226
moon,227
wet,228
hair tubes,229
couple,230
bdsm,231
hair bobbles,232
pants,233
arms up,234
underboob,235
dutch angle,236
cum in pussy,237
:3,238
pillow,239
chain,240
uncensored,241
headband,242
nail polish,243
rose,244
cover,245
no humans,246
eyepatch,247
military,248
wallpaper,249
anus,250
short twintails,251
skirt lift,252
mouth hold,253
cameltoe,254
undressing,255
bondage,256
hand on hip,257
alternate hairstyle,258
wide sleeves,259
shirt lift,260
miniskirt,261
oral,262
sideboob,263
breast grab,264
crossover,265
shiny,266
hands,267
child,268
tokin hat,269
thigh boots,270
double bun,271
see-through,272
leaf,273
glowing,274
v,275
makeup,276
white gloves,277
panty pull,278
cat,279
blush stickers,280
hair over one eye,281
sleeping,282
heterochromia,283
5girls,284
orange eyes,285
bird,286
sisters,287
happy,288
genderswap,289
military uniform,290
cum on body,291
sleeveless,292
knife,293
copyright name,294
^ ^,295
sweater,296
capelet,297
bodysuit,298
bent over,299
eating,300
plaid skirt,301
younger,302
chinese clothes,303
formal,304
night,305
english,306
side-tie bikini,307
katana,308
dress shirt,309
bandages,310
coat,311
instrument,312
cup,313
hat ribbon,314
wariza,315
off shoulder,316
facial hair,317
fellatio,318
sash,319
back,320
stuffed toy,321
oekaki,322
casual,323
lipstick,324
kiss,325
mask,326
payot,327
polearm,328
otoko no ko,329
blunt bangs,330
outstretched arms,331
hoodie,332
crossed arms,333
wolf ears,334
sandals,335
shiny skin,336
mole,337
profile,338
bell,339
third eye,340
black panties,341
areolae,342
blazer,343
grey eyes,344
fox tail,345
multiple tails,346
:<,347
beach,348
facial,349
single braid,350
bowtie,351
skirt set,352
helmet,353
> <,354
arm up,355
tattoo,356
window,357
embarrassed,358
spoilers,359
signature,360
head wings,361
stuffed animal,362
beret,363
chair,364
cum on upper body,365
antenna hair,366
broom,367
mound of venus,368
arm support,369
suit,370
letterboxed,371
butterfly,372
small breasts,373
suspenders,374
on side,375
fox ears,376
convenient censoring,377
bike shorts,378
no pants,379
two-tone hair,380
knee boots,381
arms behind back,382
angry,383
no hat,384
upskirt,385
3boys,386
fan,387
mecha,388
fire,389
nature,390
checkered,391
surprised,392
dual persona,393
cross,394
pointing,395
microphone,396
parted lips,397
cherry blossoms,398
eyelashes,399
outdoors,400
scar,401
all fours,402
bare legs,403
thigh gap,404
garter straps,405
anal,406
crescent,407
feathers,408
snake,409
headset,410
cover page,411
two side up,412
staff,413
foreshortening,414
breast press,415
leotard,416
goggles,417
bunnysuit,418
gradient hair,419
side-tie panties,420
tan,421
backpack,422
monster girl,423
leaning forward,424
hood,425
cum on breasts,426
personification,427
frown,428
covering,429
bikini top,430
girl on top,431
muscle,432
crossed legs,433
fangs,434
ocean,435
pink panties,436
screencap,437
fingernails,438
full moon,439
from above,440
kemonomimi mode,441
denim,442
twin drills,443
towel,444
rope,445
group sex,446
toes,447
/\/\/\,448
o o,449
sparkle,450
china dress,451
mary janes,452
polka dot,453
dated,454
demon girl,455
masturbation,456
pov,457
horn,458
gym uniform,459
:p,460
bob cut,461
everyone,462
glowing eyes,463
short shorts,464
musical note,465
straddling,466
from below,467
trembling,468
christmas,469
twins,470
no headwear,471
shadow,472
underwear only,473
crossdressing,474
frog,475
looking at another,476
turtleneck,477
snow,478
wavy mouth,479
licking,480
lolita fashion,481
elf,482
mosaic censoring,483
buruma,484
phone,485
symbol-shaped pupils,486
black gloves,487
puffy nipples,488
armband,489
light smile,490
table,491
rape,492
crown,493
garter belt,494
pale skin,495
squatting,496
handjob,497
doll,498
on stomach,499
photo,500
long image,501
headgear,502
obi,503
commentary,504
tentacles,505
spread pussy,506
between breasts,507
facial mark,508
bottle,509
gauntlets,510
grass,511
hatsune miku,512
hakurei reimu,513
kirisame marisa,514
izayoi sakuya,515
remilia scarlet,516
flandre scarlet,517
kochiya sanae,518
alice margatroid,519
patchouli knowledge,520
akemi homura,521
kaname madoka,522
hong meiling,523
konpaku youmu,524
yakumo yukari,525
cirno,526
fujiwara no mokou,527
miki sayaka,528
shameimaru aya,529
tomoe mami,530
reisen udongein inaba,531
saigyouji yuyuko,532
sakura kyouko,533
kagamine rin,534
inubashiri momiji,535
komeiji koishi,536
komeiji satori,537
kazami yuuka,538
moriya suwako,539
yakumo ran,540
kamishirasawa keine,541
reiuji utsuho,542
kawashiro nitori,543
chen,544
rumia,545
kaenbyou rin,546
saber,547
admiral (kantai collection),548
konpaku youmu (ghost),549
kagamine len,550
hinanawi tenshi,551
tatara kogasa,552
koakuma,553
hijiri byakuren,554
akiyama mio,555
ibuki suika,556
yasaka kanako,557
megurine luka,558
mystia lorelei,559
inaba tewi,560
houraisan kaguya,561
shimakaze (kantai collection),562
hoshiguma yuugi,563
kyubey,564
morichika rinnosuke,565
nakano azusa,566
shanghai doll,567
mizuhashi parsee,568
yagokoro eirin,569
nazrin,570
houjuu nue,571
hirasawa yui,572
kongou (kantai collection),573
kaga (kantai collection),574
wriggle nightbug,575
souryuu asuka langley,576
mononobe no futo,577
tainaka ritsu,578
matoi ryuuko,579
toyosatomimi no miko,580
tenryuu (kantai collection),581
kagiyama hina,582
daiyousei,583
toramaru shou,584
himekaidou hatate,585
onozuka komachi,586
kaito,587
nagae iku,588
fate testarossa,589
kotobuki tsumugi,590
gilgamesh,591
barnaby brooks jr,592
akagi (kantai collection),593
inazuma (kantai collection),594
suzumiya haruhi,595
kaburagi t kotetsu,596
shiki eiki,597
misaka mikoto,598
joseph joestar (young),599
nagato yuki,600
kumoi ichirin,601
miyako yoshika,602
senketsu,603
hoshii miki,604
murasa minamitsu,605
ibaraki kasen,606
kurodani yamame,607
rensouhou-chan,608
takamachi nanoha,609
gumi,610
meiko,611
kasodani kyouko,612
kotomine kirei,613
kaku seiga,614
soga no tojiko,615
ikazuchi (kantai collection),616
black rock shooter (character),617
caesar anthonio zeppeli,618
kiryuuin satsuki,619
aki minoriko,620
kise yayoi,621
hibiki (kantai collection),622
yoko littner,623
midorikawa nao,624
amami haruka,625
toosaka rin,626
gokou ruri,627
ayanami rei,628
kisaragi chihaya,629
link,630
aki shizuha,631
ganaha hibiki,632
haruna (kantai collection),633
minase iori,634
nagato (kantai collection),635
kikuchi makoto,636
lancer (fate/zero),637
shikinami asuka langley,638
atago (kantai collection),639
aoki reika,640
shijou takane,641
charlotte (madoka magica),642
letty whiterock,643
kuujou joutarou,644
usami renko,645
ultimate madoka,646
narukami yuu,647
hiiragi kagami,648
wo-class aircraft carrier,649
emiya kiritsugu,650
chun-li,651
kisume,652
hata no kokoro,653
dio brando,654
waver velvet,655
maribel hearn,656
tatsuta (kantai collection),657
futatsuiwa mamizou,658
akatsuki (kantai collection),659
takatsuki yayoi,660
touko (pokemon),661
mankanshoku mako,662
super sonico,663
stocking (psg),664
kousaka kirino,665
aida mana,666
hoshizora miyuki,667
kitakami (kantai collection),668
matou sakura,669
asahina mikuru,670
kashiwazaki sena,671
morrigan aensland,672
pikachu,673
eila ilmatar juutilainen,674
izumi konata,675
shirogane naoto,676
suigintou,677
hishikawa rikka,678
rider (fate/zero),679
hieda no akyuu,680
sanya v litvyak,681
lunasa prismriver,682
nishikino maki,683
yazawa nico,684
miura azusa,685
female admiral (kantai collection),686
hino akane,687
nia teppelin,688
asuna (sao),689
mikasa ackerman,690
takanashi rikka,691
yukikaze (kantai collection),692
ikari shinji,693
houjou hibiki,694
futami mami,695
hagiwara yukiho,696
akizuki ritsuko,697
satonaka chie,698
unzan,699
jonathan joestar,700
toujou nozomi,701
simon,702
medicine melancholy,703
beatrice,704
kyon,705
futami ami,706
imaizumi kagerou,707
accelerator,708
matou kariya,709
cammy white,710
amatsukaze (kantai collection),711
christa renz,712
kirishima (kantai collection),713
hikari (pokemon),714
oshino shinobu,715
tsukino usagi,716
c.c.,717
hiei (kantai collection),718
kurumi erika,719
cure peace,720
kirino ranmaru,721
red (pokemon),722
jakuzure nonon,723
irisviel von einzbern,724
toshinou kyouko,725
shirai kuroko,726
kirito,727
erica hartmann,728
lily white,729
mei (pokemon),730
ayase eli,731
minamino kanade,732
sheryl nome,733
ryuujou (kantai collection),734
yagami hayate,735
miyafuji yoshika,736
shigure (kantai collection),737
nagisa kaworu,738
shiranui (kantai collection),739
yuuki makoto,740
ikamusume,741
gertrud barkhorn,742
mutsu (kantai collection),743
archer,744
toosaka tokiomi,745
panty (psg),746
merlin prismriver,747
kallen stadtfeld,748
ymir (shingeki no kyojin),749
zuikaku (kantai collection),750
akaza akari,751
tenshi (angel beats!),752
amagi yukiko,753
illyasviel von einzbern,754
yuudachi (kantai collection),755
emiya shirou,756
lyrica prismriver,757
hanasaki tsubomi,758
junketsu,759
gamagoori ira,760
eren yeager,761
kuujou jolyne,762
hiiragi tsukasa,763
kenzaki makoto,764
makise kurisu,765
nami,766
ushiromiya battler,767
i-19 (kantai collection),768
akuma homura,769
shoukaku (kantai collection),770
northern ocean hime,771
levi (shingeki no kyojin),772
furude rika,773
hanamura yousuke,774
minami kotori,775
haruka (pokemon),776
ooi (kantai collection),777
kujikawa rise,778
makinami mari illustrious,779
charlotte e yeager,780
ivan karelin,781
tifa lockhart,782
fubuki (kantai collection),783
sendai hakurei no miko,784
takao (kantai collection),785
ragna the bloodedge,786
kamijou touma,787
princess zelda,788
kijin seija,789
kiso (kantai collection),790
kousaka honoka,791
otonashi kotori,792
cure beauty,793
suzuya (kantai collection),794
yamato (kantai collection),795
tsukikage yuri,796
tatsumi kanji,797
noumi kudryavka,798
berserker (fate/zero),799
houshou (kantai collection),800
kakyouin noriaki,801
wakasagihime,802
caster (fate/zero),803
gold (pokemon),804
luna child,805
giorno giovanna,806
charlotte dunois,807
hirasawa ui,808
last order,809
ushiromiya ange,810
female protagonist (persona 3),811
kinomoto sakura,812
shokuhou misaki,813
alice (wonderland),814
sailor moon,815
yowane haku,816
shinki,817
chitanda eru,818
producer (idolmaster),819
sakamoto mio,820
aisaka taiga,821
kamui gakupo,822
naka (kantai collection),823
ia (vocaloid),824
myoudouin itsuki,825
yuri lowell,826
lynette bishop,827
sonoda umi,828
uryuu ryuunosuke,829
sunny milk,830
star sapphire,831
lelouch lamperouge,832
cure march,833
samus aran,834
ryuuguu rena,835
saten ruiko,836
kasumi (pokemon),837
sekibanki,838
touya (pokemon),839
sukuna shinmyoumaru,840
musashi (kantai collection),841
kousaka tamaki,842
karina lyle,843
princess peach,844
ranka lee,845
akizuki ryou,846
perrine h clostermann,847
cure happy,848
higashi setsuna,849
hanekawa tsubasa,850
sakura miku,851
natsume rin,852
louise francoise le blanc de la valliere,853
cure marine,854
sanageyama uzu,855
keith goodman,856
funami yui,857
mima,858
johnny joestar,859
pyonta,860
huang baoling,861
seaport hime,862
kamina,863
hoshizora rin,864
ushio (kantai collection),865
senjougahara hitagi,866
saber extra,867
elvaan,868
sakata gintoki,869
fujibayashi kyou,870
haruno sakura,871
lancer,872
sonozaki mion,873
noel vermillion,874
koizumi itsuki,875
yotsuba alice,876
yoshikawa chinatsu,877
cure sunny,878
kuma (persona 4),879
shibuya rin,880
kayneth archibald el-melloi,881
hourai doll,882
francesca lucchini,883
aegis (persona),884
murakumo (kantai collection),885
makoto nanaya,886
shana,887
cure blossom,888
rider,889
higashikata jousuke,890
n (pokemon),891
kotone (pokemon),892
souseiseki,893
taihou (kantai collection),894
yui (angel beats!),895
honma meiko,896
bismarck (kantai collection),897
nishizumi miho,898
souryuu (kantai collection),899
misumi nagisa,900
nyarlathotep (nyaruko-san),901
cure sunshine,902
lilith aensland,903
yuzuriha inori,904
sengoku nadeko,905
blue (pokemon),906
asakura ryouko,907
houjou satoko,908
koizumi hanayo,909
armin arlert,910
momozono love,911
index,912
ryougi shiki,913
cure melody,914
shindou takuto,915
signum,916
kasumi (doa),917
seiren (suite precure),918
hanyuu,919
uiharu kazari,920
ib (ib),921
tokiko (touhou),922
mizuno ami,923
verniy (kantai collection),924
takara miyuki,925
yukishiro honoka,926
hamakaze (kantai collection),927
suiseiseki,928
ookido green,929
inumuta houka,930
alice margatroid (pc-98),931
raising heart,932
oktavia von seckendorff,933
ahri,934
sorceress (dragon's crown),935
kozakura mary,936
nico robin,937
shirayuki hime,938
akiyama yukari,939
kurokawa eren,940
nu-13,941
yuubari (kantai collection),942
futaba anzu,943
holo,944
shinku,945
madotsuki,946
hiryuu (kantai collection),947
hatsune miku (append),948
bel (pokemon),949
shiranui mai,950
nibutani shinka,951
anjou naruko,952
silver (pokemon),953
aino minako,954
kasugano sakura,955
vita,956
satoshi (pokemon),957
oomuro sakurako,958
su-san,959
hyuuga hinata,960
re-class battleship,961
araragi karen,962
hachikuji mayoi,963
laura bodewig,964
felicia,965
shirabe ako,966
mithra,967
garry (ib),968
crystal (pokemon),969
kousaka kyousuke,970
sazanami (kantai collection),971
kumano (kantai collection),972
vivio,973
uzumaki naruto,974
furutani himawari,975
sendai (kantai collection),976
aragaki ayase,977
minna-dietlinde wilcke,978
monkey d luffy,979
frederica bernkastel,980
maou (maoyuu),981
assassin (fate/zero),982
naoe riki,983
silica,984
kisaragi shintarou,985
arcueid brunestud,986
bardiche,987
shirasaka koume,988
sonozaki shion,989
haramura nodoka,990
kido tsubomi,991
yuno,992
takagaki kaede,993
manabe nodoka,994
kirigaya suguha,995
regina (dokidoki! precure),996
kishibe rohan,997
rachel alucard,998
igarashi kyou (eroe),999
cure moonlight,1000
kyonko,1001
kamikita komari,1002
milla maxwell,1003
cure heart,1004
gyro zeppeli,1005
furukawa nagisa,1006
tateyama ayano,1007
japan (hetalia),1008
watatsuki no yorihime,1009
han juri,1010
kanzaki ranko,1011
midna,1012
fairy (kantai collection),1013
rita mordio,1014
kirin (armor),1015
kirijou mitsuru,1016
motoori kosuzu,1017
sonohara anri,1018
araragi koyomi,1019
sailor mercury,1020
ushiromiya maria,1021
yuki miku,1022
i-58 (kantai collection),1023
touhou,1024
original,1025
kantai collection,1026
vocaloid,1027
mahou shoujo madoka magica,1028
idolmaster,1029
fate (series),1030
precure,1031
pokemon,1032
jojo no kimyou na bouken,1033
k-on!,1034
pokemon (game),1035
idolmaster cinderella girls,1036
fate/zero,1037
final fantasy,1038
strike witches,1039
fate/stay night,1040
persona,1041
gundam,1042
lyrical nanoha,1043
to aru majutsu no index,1044
kill la kill,1045
neon genesis evangelion,1046
inazuma eleven (series),1047
smile precure!,1048
suzumiya haruhi no yuuutsu,1049
love live! school idol project,1050
tiger & bunny,1051
street fighter,1052
tales of (series),1053
persona 4,1054
blazblue,1055
shingeki no kyojin,1056
monogatari (series),1057
inazuma eleven go,1058
tengen toppa gurren lagann,1059
to aru kagaku no railgun,1060
ore no imouto ga konna ni kawaii wake ga nai,1061
umineko no naku koro ni,1062
bishoujo senshi sailor moon,1063
mahou shoujo lyrical nanoha,1064
pokemon bw,1065
code geass,1066
sword art online,1067
league of legends,1068
lucky star,1069
dragon quest,1070
saki,1071
dokidoki! precure,1072
mahou shoujo lyrical nanoha strikers,1073
the legend of zelda,1074
one piece,1075
danganronpa,1076
touhou (pc-98),1077
black rock shooter,1078
persona 3,1079
yuru yuri,1080
rozen maiden,1081
heartcatch precure!,1082
fire emblem,1083
vampire (game),1084
rebuild of evangelion,1085
bakemonogatari,1086
little busters!,1087
king of fighters,1088
axis powers hetalia,1089
panty & stocking with garterbelt,1090
inazuma eleven,1091
macross,1092
mahou shoujo madoka magica movie,1093
naruto,1094
suite precure,1095
queen's blade,1096
idolmaster million live!,1097
higurashi no naku koro ni,1098
pixiv fantasia,1099
girls und panzer,1100
kagerou project,1101
chuunibyou demo koi ga shitai!,1102
yuu-gi-ou,1103
ragnarok online,1104
boku wa tomodachi ga sukunai,1105
angel beats!,1106
kamen rider,1107
mahou shoujo lyrical nanoha a's,1108
monster hunter,1109
infinite stratos,1110
megami,1111
macross frontier,1112
tsukihime,1113
skullgirls,1114
to love-ru,1115
bleach,1116
final fantasy vii,1117
to heart 2,1118
fate/extra,1119
danganronpa 1,1120
clannad,1121
nitroplus,1122
amagami,1123
sword girls,1124
pokemon bw2,1125
guilty gear,1126
gundam 00,1127
final fantasy xi,1128
tales of vesperia,1129
steins;gate,1130
super mario bros.,1131
fresh precure!,1132
dragon ball,1133
puzzle & dragons,1134
rockman,1135
happinesscharge precure!,1136
dead or alive,1137
gintama,1138
super robot wars,1139
pokemon dppt,1140
disgaea,1141
pokemon xy,1142
m.u.g.e.n,1143
steel ball run,1144
pokemon hgss,1145
tales of xillia,1146
zero no tsukaima,1147
nisemonogatari,1148
working!!,1149
durarara!!,1150
senran kagura (series),1151
dragon's crown,1152
senran kagura,1153
shinryaku! ikamusume,1154
nichijou,1155
hyouka,1156
dragon ball z,1157
pokemon (anime),1158
mahou sensei negima!,1159
tekken,1160
yes! precure 5,1161
super danganronpa 2,1162
ano hi mita hana no namae wo bokutachi wa mada shiranai.,1163
sayonara zetsubou sensei,1164
phantasy star,1165
shinrabanshou,1166
nintendo,1167
pokemon rse,1168
toradora!,1169
evangelion: 3.0 you can (not) redo,1170
twilight princess,1171
kyoukaisenjou no horizon,1172
gundam build fighters,1173
fullmetal alchemist,1174
alice in wonderland,1175
magi the labyrinth of magic,1176
futari wa precure,1177
hidamari sketch,1178
vividred operation,1179
gundam seed,1180
os-tan,1181
idolmaster 2,1182
dragon quest iii,1183
street fighter iv,1184
atelier (series),1185
real life,1186
choujigen game neptune,1187
saki achiga-hen,1188
fire emblem: kakusei,1189
nyantype,1190
cardcaptor sakura,1191
inazuma eleven go chrono stone,1192
haiyore! nyaruko-san,1193
idolmaster dearly stars,1194
puyopuyo,1195
love plus,1196
resident evil,1197
utau,1198
hayate no gotoku!,1199
kami nomi zo shiru sekai,1200
digimon,1201
soulcalibur,1202
pokemon gsc,1203
persona 3 portable,1204
fate/extra ccc,1205
fate/hollow ataraxia,1206
ib,1207
yuu-gi-ou duel monsters,1208
dog days,1209
free!,1210
pokemon rgby,1211
shakugan no shana,1212
pokemon special,1213
melty blood,1214
final fantasy iv,1215
samurai spirits,1216
final fantasy vi,1217
elsword,1218
guilty crown,1219
metroid,1220
project diva (series),1221
nagi no asukara,1222
sekaiju no meikyuu,1223
kanon,1224
metal gear (series),1225
super smash bros.,1226
marvel,1227
date a live,1228
kara no kyoukai,1229
capcom,1230
evangelion: 2.0 you can (not) advance,1231
dragon quest iv,1232
my little pony,1233
sekai seifuku: bouryaku no zvezda,1234
darker than black,1235
fatal fury,1236
aquarion (series),1237
aikatsu!,1238
my little pony friendship is magic,1239
final fantasy tactics,1240
pokemon frlg,1241
tamako market,1242
final fantasy ix,1243
maria-sama ga miteru,1244
tales of graces,1245
arcana heart,1246
yume nikki,1247
aquarion evol,1248
black lagoon,1249
phantasy star online 2,1250
azumanga daiou,1251
mabinogi,1252
final fantasy v,1253
ar tonelico,1254
mawaru penguindrum,1255
pangya,1256
wild arms,1257
gundam seed destiny,1258
gyakuten saiban,1259
hataraku maou-sama!,1260
busou shinki,1261
souls (from software),1262
ranma 1/2,1263
kannagi,1264
aoki hagane no arpeggio,1265
maoyuu maou yuusha,1266
tales of the abyss,1267
aria,1268
spice and wolf,1269
seiken densetsu,1270
dragon quest v,1271
to love-ru darkness,1272
pixiv fantasia 5,1273
dissidia final fantasy,1274
accel world,1275
ano natsu de matteru,1276
ocarina of time,1277
final fantasy x,1278
street fighter zero,1279
suzumiya haruhi no shoushitsu,1280
rwby,1281
aa megami-sama,1282
kingdom hearts,1283
my-hime,1284
inu x boku ss,1285
fate/apocrypha,1286
gundam unicorn,1287
hunter x hunter,1288
dream c club,1289
koihime musou,1290
air,1291
muvluv,1292
monster girl encyclopedia,1293
ikkitousen,1294
yotsubato!,1295
eiyuu densetsu,1296
tales of symphonia,1297
skyward sword,1298
senjou no valkyria,1299
nekomonogatari,1300
mobile suit gundam,1301
denpa onna to seishun otoko,1302
queen's blade rebellion,1303
kirby (series),1304
summon night,1305
baka to test to shoukanjuu,1306
uchuu senkan yamato,1307
mirai nikki,1308
gensou suikoden,1309
street fighter iii,1310
madou monogatari,1311
uta no prince-sama,1312
puchimasu!,1313
yuusha to maou,1314
galaxy angel,1315
eureka seven (series),1316
ghost in the shell,1317
inazuma eleven go galaxy,1318
ao no exorcist,1319
sono hanabira ni kuchizuke wo,1320
rockman (classic),1321
kill me baby,1322
god eater,1323
katawa shoujo,1324
fairy tail,1325
snk,1326
super robot wars original generation,1327
fire emblem: souen no kiseki,1328
shining (series),1329
dark souls,1330
dc comics,1331
soul eater,1332
senki zesshou symphogear,1333
the embodiment of scarlet devil,1334
the iron of yin and yang,1335
bayonetta,1336
odin sphere,1337
eureka seven,1338
final fantasy xiii,1339
seiken densetsu 3,1340
fate/unlimited codes,1341
transformers,1342
jojolion,1343
mahou shoujo lyrical nanoha vivid,1344
mahou tsukai no yoru,1345
futari wa precure splash star,1346
metal gear solid,1347
hentai ouji to warawanai neko.,1348
frozen (disney),1349
type-moon,1350
beatmania,1351
gekkan shoujo nozaki-kun,1352
rinne no lagrange,1353
final fantasy viii,1354
uchuu senkan yamato 2199,1355
urusei yatsura,1356
da capo,1357
devil may cry,1358
saint seiya,1359
shuffle!,1360
yuu-gi-ou 5d's,1361
newtype,1362
kuroko no basuke,1363
high school dxd,1364
final fantasy xiv,1365
hanasaku iroha,1366
little red riding hood,1367
genshiken,1368
suisei no gargantia,1369
fate/kaleid liner prisma illya,1370
watashi ga motenai no wa dou kangaetemo omaera ga warui!,1371
xenosaga,1372
.hack//,1373
highschool of the dead,1374
slayers,1375
tantei opera milky holmes,1376
beatmania iidx,1377
to heart,1378
shin sangoku musou,1379
sound horizon,1380
fatal frame,1381
school rumble,1382
zeta gundam,1383
avatar: the last airbender,1384
futaba channel,1385
minecraft,1386
fushigi no umi no nadia,1387
minami-ke,1388
quiz magic academy,1389
dengeki moeou,1390
persona 4: the ultimate in mayonaka arena,1391
blazblue: chronophantasma,1392
warcraft,1393
doraemon,1394
keroro gunsou,1395
pixiv fantasia sword regalia,1396
kore wa zombie desu ka?,1397
sengoku basara,1398
gochuumon wa usagi desuka?,1399
pixiv fantasia fallen kings,1400
mother (game),1401
star ocean,1402
naruto shippuuden,1403
disney,1404
puyopuyo fever,1405
gosick,1406
pixiv,1407
final fantasy xii,1408
inuyasha,1409
di gi charat,1410
koumajou densetsu,1411
assassin's creed,1412
yes! precure 5 gogo!,1413
pani poni dash!,1414
katekyo hitman reborn!,1415
under night in-birth,1416
rance (series),1417
shingeki no bahamut,1418
breath of fire,1419
gj-bu,1420
subterranean animism,1421
death note,1422
nisekoi,1423
my-otome,1424
fire emblem: monshou no nazo,1425
megami ibunroku devil survivor,1426
tales of xillia 2,1427
wrestle angels,1428
pixiv fantasia new world,1429
oboro muramasa,1430
digimon adventure,1431
world is mine (vocaloid),1432
rosario+vampire,1433
sonic the hedgehog,1434
final fight,1435
cosmic break,1436
mcdonald's,1437
yosuga no sora,1438
fantasy earth zero,1439
castlevania,1440
muvluv alternative,1441
gundam zz,1442
rune factory,1443
ar tonelico ii,1444
7th dragon,1445
world of warcraft,1446
danshi koukousei no nichijou,1447
tenchi muyou!,1448
undefined fantastic object,1449
project diva 2nd,1450
sora no otoshimono,1451
gundam age,1452
rou-kyuu-bu!,1453
hokuto no ken,1454
yumekui merry,1455
ookami (game),1456
kyoukai no kanata,1457
sakura taisen,1458
cardfight!! vanguard,1459
fate/prototype,1460
love hina,1461
god eater burst,1462
soukou akki muramasa,1463
shin megami tensei,1464
key (company),1465
sekaiju no meikyuu 3,1466
super robot wars og saga mugen no frontier,1467
tokimeki memorial,1468
berserk,1469
taimanin asagi,1470
hellsing,1471
kamen rider fourze (series),1472
pacific rim,1473
kimi kiss,1474
aldnoah.zero,1475
ryuuko no ken,1476
xenogears,1477
x-men,1478
g gundam,1479
meitantei conan,1480
fire emblem: akatsuki no megami,1481
fate/strange fake,1482
akuma no riddle,1483
sister princess,1484
mitsudomoe,1485
another,1486
fire emblem: rekka no ken,1487
zoids,1488
team fortress 2,1489
kamen rider w,1490
choujikuu yousai macross,1491
.flow,1492
shoujo kakumei utena,1493
suigetsu,1494
fire emblem: seisen no keifu,1495
medaka box,1496
sengoku musou,1497
kino no tabi,1498
futari wa precure max heart,1499
rockman dash,1500
wind waker,1501
rockman x,1502
makai senki disgaea 2,1503
yuu-gi-ou gx,1504
yume 2kki,1505
pokemon oras,1506
capcom fighting jam,1507
lupin iii,1508
rewrite,1509
curiosities of lotus asia,1510
kid icarus,1511
tera online,1512
log horizon,1513
agarest senki (series),1514
jewelpet (series),1515
star driver,1516
mahou senki lyrical nanoha force,1517
monster hunter portable 3rd,1518
ar tonelico iii,1519
c.c. lemon,1520
scp foundation,1521
miniskirt pirates,1522
dragon quest viii,1523
428,1524
senjou no valkyria 1,1525
atelier totori,1526
ichigo mashimaro,1527
canaan,1528
yuu-gi-ou zexal,1529
tokyo ghoul,1530
kin-iro mosaic,1531
ghost in the shell stand alone complex,1532
pretty rhythm,1533
saga,1534
ookami-san,1535
safe,1536
questionable,1537
explicit,1538
